gene	GSM4237826	GSM4237827	GSM4237828	GSM4237829	GSM4237830	GSM4237831	GSM4237832	GSM4237833	GSM4237834	GSM4237835	GSM4237836	GSM4237837
A2M	13.736	12.371	12.689	14.545	12.100	13.772	12.957	12.904	11.461	14.673	12.959	12.148
ACVR1C	7.117	5.254	6.160	4.363	6.889	6.329	6.260	6.131	6.352	6.792	6.086	7.360
ADAM12	8.886	8.289	9.104	7.016	7.921	8.124	8.434	6.228	7.624	8.959	8.240	8.430
ADGRE1	6.084	4.139	6.120	4.478	4.982	6.701	6.118	4.899	3.732	5.619	4.535	5.331
ADM	10.407	11.992	10.753	5.822	10.428	9.281	8.937	6.653	9.542	10.276	9.678	10.889
ADORA2A	6.439	5.763	6.605	6.886	6.255	7.286	5.833	5.758	5.364	5.396	5.372	5.567
AKT1	11.331	11.439	11.829	11.514	11.801	11.475	11.328	11.061	11.785	10.827	11.957	11.223
ALDOA	13.611	13.955	13.789	13.192	13.082	12.822	13.061	12.425	13.111	13.707	13.465	13.764
ALDOC	12.478	12.150	12.645	12.615	11.960	10.550	11.776	12.348	11.201	12.066	9.970	12.697
ANGPT1	6.807	8.046	6.634	9.239	6.526	7.781	7.178	7.523	5.713	6.527	5.252	8.887
ANGPT2	9.629	8.176	9.357	6.392	8.340	6.997	8.015	7.808	7.604	8.333	6.137	8.795
ANGPTL4	10.880	12.403	10.973	9.579	10.008	8.219	8.859	8.359	8.674	8.935	7.937	8.284
ANLN	6.242	7.894	8.433	7.450	7.506	6.149	8.865	7.697	6.280	6.326	10.249	7.582
APC	12.336	12.393	12.099	11.630	12.517	11.900	12.091	11.926	12.780	11.870	12.327	12.284
APH1B	7.212	7.704	7.842	7.286	6.441	7.308	8.062	8.436	7.404	8.426	7.320	8.669
API5	10.675	10.548	10.744	9.877	10.559	10.286	10.415	10.569	10.342	10.620	10.400	10.536
APLNR	12.789	11.721	11.248	12.882	9.026	12.489	9.714	10.017	9.514	10.065	10.202	9.572
APOE	15.022	15.566	15.583	14.768	13.566	16.839	13.972	14.104	14.845	13.181	14.643	14.171
APOL6	10.151	9.058	9.703	9.951	9.391	11.844	9.746	8.392	11.008	9.008	8.842	9.361
AQP9	7.344	7.858	6.873	5.204	6.097	7.685	4.849	4.331	5.054	6.488	5.937	5.699
AREG	5.412	3.554	2.990	3.585	4.719	5.634	3.782	2.280	5.836	5.970	2.313	5.506
ARG1	5.465	4.139	4.238	4.533	5.567	6.701	4.034	3.280	5.292	4.361	3.428	4.077
ARG2	6.847	6.683	7.099	7.457	6.097	5.564	5.882	6.214	4.869	7.893	6.372	7.042
ARID1A	9.766	10.342	10.287	9.593	10.069	9.247	10.313	10.371	9.764	10.041	9.918	10.241
ARNT2	10.861	11.205	11.000	10.972	10.925	10.381	11.155	10.757	11.327	11.547	10.092	11.956
ATF3	10.212	9.514	8.656	8.676	8.606	9.882	10.500	9.346	8.802	8.535	8.503	10.118
ATM	9.794	10.263	10.121	9.951	9.881	9.800	10.383	10.546	9.772	10.296	9.844	10.369
AXIN1	7.787	8.176	7.915	7.629	7.587	8.264	7.738	7.356	7.848	7.400	8.004	7.290
AXL	9.405	9.352	9.303	8.187	9.217	11.419	9.283	8.749	9.873	9.095	8.893	8.912
B2M	15.395	13.955	14.426	15.305	14.065	16.773	15.618	14.447	15.022	14.811	14.674	14.334
BAD	9.731	9.335	8.486	10.141	9.885	10.033	8.999	8.806	9.570	8.995	9.558	8.912
BAMBI	8.905	8.976	8.299	7.800	7.547	9.532	8.689	9.136	8.144	7.824	6.267	7.703
BATF3	8.471	6.946	8.391	7.026	7.463	7.350	8.788	7.421	8.523	8.436	7.068	6.877
BAX	10.928	10.583	10.992	10.533	11.004	11.703	10.892	10.245	10.673	9.796	11.729	10.037
BBC3	8.723	8.920	8.882	8.992	9.881	10.184	8.415	7.517	8.484	7.697	9.475	8.081
BBS1	8.521	9.005	8.897	8.629	9.012	8.124	8.921	8.781	8.667	8.598	7.873	9.091
BCAT1	9.674	9.944	9.929	8.682	9.577	8.878	8.944	7.088	10.655	11.267	8.883	9.281
BCL2	9.006	8.348	8.145	9.061	8.798	9.178	8.135	8.290	8.896	8.097	7.365	8.222
BCL2L1	10.526	10.485	10.391	9.585	10.796	11.292	10.388	10.151	11.950	10.159	10.134	10.072
BCL6B	6.807	5.412	6.417	6.332	6.255	6.049	6.657	6.043	5.785	5.958	4.815	6.296
BID	7.657	8.268	8.190	9.253	8.408	7.970	8.181	8.264	7.763	7.840	7.898	8.371
BIRC3	6.540	4.724	4.514	4.100	4.204	6.599	3.782	2.473	3.497	3.759	2.898	3.625
BIRC5	6.242	8.355	8.613	9.762	8.823	7.432	8.814	9.037	6.305	7.422	11.300	7.511
BLK	2.657	3.876	3.450	2.585	4.567	4.242	1.975	1.795	2.732	1.004	7.611	2.184
BLM	7.212	7.783	8.795	8.509	8.606	7.196	7.652	7.187	8.921	9.175	7.694	8.222
BMP2	7.196	8.154	8.046	8.703	8.474	6.599	7.869	7.912	6.750	7.938	7.275	7.145
BNIP3	8.943	9.887	9.130	8.833	8.626	8.432	7.820	7.781	9.115	8.924	8.990	8.935
BNIP3L	10.692	11.279	11.007	10.409	10.354	9.381	10.641	10.821	9.583	11.073	10.130	11.596
BRCA1	7.465	7.598	7.545	7.262	8.316	6.242	7.698	7.790	9.647	7.184	8.558	7.296
BRCA2	6.924	6.858	7.425	7.629	6.889	7.827	7.684	6.484	5.980	6.765	8.466	6.820
BRD3	9.626	9.878	9.760	10.099	10.460	9.857	9.768	10.129	10.144	9.732	10.020	9.628
BRD4	10.028	10.973	10.618	9.906	10.135	10.013	10.490	9.865	10.867	10.330	10.009	10.382
BRIP1	5.242	6.598	6.836	6.546	5.921	5.997	6.929	6.758	5.869	6.619	7.717	6.845
BTLA	3.242	2.139	3.575	3.100	2.982	5.049	2.560	1.795	2.995	2.589	2.535	2.547
C1QA	12.132	11.099	11.278	10.680	9.811	13.303	11.674	11.041	10.593	11.231	11.315	10.562
C1QB	12.099	11.190	10.720	10.773	9.959	13.308	11.928	11.289	10.676	11.252	11.284	10.434
C2	9.611	8.342	7.962	9.104	5.856	10.283	7.956	6.495	6.957	6.923	7.837	5.869
C5	7.886	8.124	7.791	6.559	8.386	8.075	8.138	7.560	7.995	7.228	7.947	7.314
C5AR1	8.173	7.361	7.210	6.938	6.982	9.213	7.254	5.581	6.410	6.504	6.586	6.606
C7	7.857	6.169	6.078	6.204	5.204	10.487	6.034	5.949	4.054	6.471	3.313	7.939
CASP1	8.970	7.520	8.294	7.958	7.664	10.305	9.329	7.941	9.410	8.001	8.158	8.732
CASP3	9.045	9.169	9.410	8.783	9.357	8.634	9.286	9.562	9.269	9.784	9.609	9.542
CASP8	6.465	6.226	6.590	6.301	6.606	7.685	6.765	6.228	6.305	6.422	6.283	5.527
CASP9	8.509	8.668	8.290	9.166	8.430	8.781	8.187	8.854	8.211	8.558	7.542	7.861
CBLC	3.657	2.554	3.160	2.948	3.982	4.049	1.712	2.795	2.869	2.811	2.313	2.184
CCL13	5.181	3.554	3.160	3.237	3.982	5.634	3.197	2.280	1.995	2.004	2.898	4.021
CCL14	3.979	3.554	4.160	2.948	5.097	5.490	3.712	5.795	4.539	3.862	3.535	4.735
CCL18	7.439	6.802	6.772	4.987	6.526	10.744	3.913	4.427	4.995	4.289	7.372	4.586
CCL19	4.827	3.876	4.078	4.533	5.097	9.017	4.145	3.280	3.317	2.174	3.815	3.464
CCL2	13.679	11.507	12.295	10.608	9.077	12.828	11.756	10.459	9.602	10.104	11.063	11.809
CCL20	6.358	5.508	5.078	4.907	5.484	5.149	6.712	3.560	6.877	5.496	4.586	6.284
CCL21	4.979	4.361	3.897	3.685	4.567	6.634	3.477	1.795	2.869	3.326	3.187	3.901
CCL22	5.242	4.139	4.383	5.026	5.484	6.329	4.434	4.173	3.802	3.396	3.050	4.021
CCL3/L1	12.976	11.631	9.623	12.534	10.122	12.864	13.614	10.077	11.107	11.238	9.915	12.305
CCL4	12.151	10.558	9.016	11.783	9.952	11.922	13.135	8.874	10.460	10.424	8.708	11.827
CCL5	9.133	7.412	8.051	7.708	6.041	12.240	8.448	7.058	6.410	6.430	6.928	6.939
CCL7	6.465	4.876	5.238	4.301	4.719	6.734	3.197	2.932	2.410	3.589	3.313	4.235
CCL8	8.663	6.763	6.605	8.257	5.397	10.394	9.259	4.830	5.600	5.154	5.428	7.690
CCNA1	6.540	7.154	6.035	4.585	5.719	6.634	5.882	4.965	5.676	6.326	5.372	6.586
CCNB1	6.766	8.329	8.400	8.968	8.452	6.527	8.659	9.306	7.898	7.722	10.779	8.006
CCND1	9.954	9.612	9.972	9.620	8.041	9.765	9.709	10.019	9.765	11.101	8.309	9.620
CCND2	10.967	12.912	12.238	11.485	12.195	10.513	12.091	11.202	12.082	10.953	11.220	13.280
CCND3	8.617	8.560	8.195	8.999	9.236	9.586	8.069	7.768	9.214	8.877	8.346	7.916
CCNE1	6.787	7.399	7.634	7.044	7.374	7.651	7.197	6.012	7.789	7.070	8.665	7.091
CCNO	5.412	5.254	4.990	2.948	5.204	5.827	3.913	4.058	4.619	6.648	4.535	5.527
CCR2	6.050	5.078	5.575	4.685	6.304	7.546	4.747	3.380	4.165	4.213	4.728	4.235
CCR4	5.117	4.254	4.575	3.685	5.304	6.970	3.560	3.473	3.317	3.759	3.635	4.284
CCR5	6.943	5.309	6.514	4.778	4.856	7.900	6.721	5.865	4.869	6.048	5.013	6.158
CD14	12.138	10.649	10.876	11.149	9.719	12.767	11.624	10.429	9.912	10.835	11.052	10.414
CD163	11.489	11.520	11.498	8.830	9.621	12.205	9.431	8.685	10.534	11.933	9.815	9.996
CD19	5.943	4.554	4.450	5.204	5.567	6.599	4.344	3.380	4.054	2.911	3.815	4.132
CD1C	2.657	2.876	3.160	3.363	3.982	5.701	3.090	3.721	1.995	2.463	3.815	3.464
CD2	6.588	5.724	5.798	5.732	4.982	8.253	5.913	5.201	5.024	5.512	5.283	5.644
CD209	6.015	4.013	4.897	3.778	5.304	7.219	4.344	4.899	2.410	3.463	4.728	4.803
CD244	5.117	5.013	4.990	3.478	3.982	7.100	4.519	3.280	4.454	4.811	4.483	4.132
CD247	4.657	3.724	4.312	3.865	2.982	7.075	4.390	2.932	4.110	3.862	4.187	4.284
CD27	5.905	4.946	5.417	4.301	5.304	9.381	5.477	3.997	4.836	3.958	5.456	4.735
CD274	7.316	6.641	7.200	5.886	5.645	8.087	6.967	5.201	7.917	5.633	5.535	5.977
CD276	11.099	11.073	11.911	10.869	10.554	10.845	10.580	10.366	10.540	11.325	11.099	10.380
CD28	5.515	5.598	4.945	4.170	4.397	7.599	5.272	3.932	2.580	3.704	7.617	5.331
CD300A	8.776	8.768	8.729	7.293	7.097	8.827	8.589	8.124	6.713	7.990	7.999	8.105
CD36	7.439	7.997	7.130	7.325	6.952	8.286	5.412	5.581	5.243	5.112	9.735	5.962
CD38	8.378	8.773	8.224	5.800	7.178	9.356	8.194	8.211	7.002	7.488	7.772	8.098
CD3D	6.439	5.013	6.035	4.732	2.397	9.504	5.619	4.380	3.497	4.463	5.154	5.077
CD3E	5.905	4.139	5.238	4.026	4.397	8.758	5.223	3.721	3.869	3.811	4.728	4.869
CD3G	5.943	4.013	4.312	3.478	6.041	7.827	4.816	3.173	3.658	3.091	3.976	4.377
CD4	8.125	6.802	7.013	7.293	6.255	9.264	7.948	7.088	6.443	6.619	7.617	6.537
CD40	8.196	6.963	7.545	6.876	5.982	8.804	8.275	7.501	7.075	6.911	7.815	6.969
CD40LG	5.412	4.139	4.897	4.732	5.304	6.796	4.248	3.058	3.317	3.252	3.635	3.699
CD44	13.080	13.346	12.623	12.693	11.231	12.647	11.928	11.501	11.362	11.594	11.913	11.826
CD45RA	4.358	3.724	4.160	4.026	3.982	5.997	4.145	2.473	3.869	3.004	3.635	3.699
CD45RB	6.905	6.361	7.088	6.789	5.719	8.921	7.062	6.254	6.305	6.993	6.815	5.331
CD45RO	9.287	7.972	8.339	7.407	7.328	10.348	9.316	8.284	7.819	8.176	8.368	8.232
CD47	11.563	10.700	11.014	11.362	11.032	11.779	11.141	11.462	10.583	11.495	10.687	11.310
CD48	6.961	6.361	6.498	6.464	4.719	10.340	7.628	5.965	5.785	5.496	7.137	5.284
CD5	5.564	3.554	4.514	4.100	3.719	7.634	5.171	3.997	3.410	4.759	4.772	4.235
CD58	8.015	7.282	7.400	7.035	8.055	8.726	7.138	5.848	7.508	7.004	7.647	6.869
CD6	5.787	4.724	5.482	3.685	4.567	7.842	5.062	2.643	3.317	3.396	4.682	3.769
CD68	11.590	10.914	10.451	10.123	9.885	13.143	10.650	10.185	9.640	10.559	10.992	9.547
CD69	9.032	5.641	6.348	7.720	6.789	9.550	8.915	5.795	7.381	7.896	6.328	7.567
CD7	4.745	3.876	4.848	4.636	5.204	7.173	4.816	3.173	5.713	4.213	4.120	3.836
CD70	5.702	5.598	5.078	4.100	5.097	6.734	3.638	1.795	-0.590	3.704	4.050	3.377
CD74	15.074	13.967	14.581	14.585	13.138	16.717	15.006	13.728	14.164	14.476	14.629	13.958
CD79A	4.564	4.802	4.160	5.026	4.719	8.161	4.599	3.380	4.054	3.958	4.976	4.699
CD79B	4.564	4.013	4.160	3.778	4.719	6.049	3.975	3.280	3.580	3.174	3.635	3.625
CD80	7.399	5.361	5.873	5.026	4.856	8.441	6.929	5.173	4.836	4.704	6.103	6.063
CD84	9.512	9.295	9.575	8.492	8.654	11.372	9.069	9.165	8.547	8.866	9.767	8.467
CD86	7.600	6.335	6.745	7.063	6.204	8.350	7.921	7.043	6.713	7.081	6.598	6.726
CD8A	7.564	5.980	6.745	5.422	5.397	10.552	6.638	5.254	5.191	5.174	5.659	5.644
CD8B	6.330	4.461	4.575	3.865	5.397	8.137	5.171	3.997	2.995	2.911	3.815	4.506
CD96	5.242	5.078	5.160	4.026	4.982	7.617	5.062	4.560	3.410	4.326	3.635	3.901
CDC20	5.515	6.912	7.057	7.340	7.069	5.412	7.083	7.687	4.964	5.886	8.767	6.634
CDC25C	4.465	4.876	5.417	4.948	5.484	4.049	5.580	5.795	4.767	4.289	6.357	4.769
CDH1	6.961	6.704	6.979	4.585	5.397	6.634	6.248	5.916	5.732	4.361	5.682	7.014
CDH11	11.257	10.616	10.607	11.728	10.770	11.174	11.222	11.412	10.813	9.965	9.609	10.718
CDH2	11.604	11.534	11.557	11.147	12.415	11.631	12.147	11.036	11.428	11.706	12.454	11.854
CDH5	8.734	7.322	8.421	7.611	8.997	8.173	8.015	7.473	7.941	7.361	6.611	7.803
CDK2	8.943	9.201	9.368	10.560	9.889	9.564	9.458	9.102	9.461	9.002	10.841	9.006
CDK6	8.891	9.223	10.106	8.975	10.340	8.765	10.465	8.765	9.450	10.254	8.601	9.836
CDKN1A	12.033	9.982	10.944	10.327	10.946	11.621	11.124	9.927	9.744	10.242	12.344	9.861
CDKN1C	9.804	9.631	9.480	8.795	9.280	9.586	9.759	10.613	7.549	8.678	8.146	9.680
CDKN2A	7.117	6.078	5.238	6.378	7.547	8.242	6.285	6.924	4.732	4.732	9.594	5.184
CDKN2B	6.540	7.399	6.979	5.063	4.982	7.100	5.975	7.697	4.410	7.993	7.516	5.901
CEACAM3	4.657	4.254	4.897	3.685	5.304	6.242	3.477	3.380	3.580	3.811	2.313	3.547
CEBPB	11.146	11.256	10.317	11.108	10.498	11.854	11.252	10.153	11.422	10.393	10.032	10.243
CENPF	5.412	8.191	8.352	9.676	8.041	6.490	8.577	8.459	6.151	7.312	11.399	7.296
CEP55	6.149	6.282	6.383	7.340	7.152	7.100	7.012	7.180	5.217	5.849	9.279	5.443
CES3	6.084	6.309	5.873	5.478	5.204	5.942	5.619	4.560	5.024	4.935	7.490	5.506
CHUK	9.674	9.093	9.160	9.982	9.928	10.617	9.004	9.251	9.715	9.118	10.192	8.302
CLEC14A	8.425	7.322	7.150	7.464	7.606	7.286	7.812	7.380	7.549	7.317	6.400	7.653
CLEC4E	5.564	4.013	4.450	4.170	5.397	6.564	3.390	3.173	3.732	3.648	2.313	3.547
CLEC5A	7.943	7.920	7.545	5.800	7.772	6.242	7.111	5.088	7.476	7.375	7.004	7.235
CLEC7A	8.617	8.491	8.553	7.870	6.921	9.475	8.171	7.124	7.151	8.346	7.305	8.791
CLECL1	5.515	5.641	7.257	6.317	6.526	8.451	6.905	5.450	6.096	6.886	6.013	6.197
CMKLR1	9.096	8.467	8.450	8.457	6.755	10.968	9.438	8.442	7.634	8.797	8.357	8.084
CNTFR	8.058	8.183	7.180	4.778	7.152	7.329	6.929	7.131	6.340	7.622	8.940	7.988
COL11A1	7.399	6.013	6.545	8.489	5.397	6.886	5.412	6.173	4.110	7.184	6.573	5.901
COL11A2	6.723	6.946	6.400	5.685	7.041	7.173	6.550	6.495	5.639	5.344	5.372	5.803
COL17A1	4.465	3.554	3.160	3.237	2.397	4.412	2.560	2.280	3.802	3.091	3.535	3.699
COL4A5	10.626	9.511	10.062	9.021	8.997	9.838	10.370	10.339	6.039	7.896	8.404	8.971
COL5A1	9.525	8.368	9.361	6.100	6.645	8.676	8.509	7.993	6.819	8.280	6.252	8.275
COL6A3	9.660	7.309	8.214	7.016	5.645	10.017	6.638	5.173	5.191	7.865	6.947	7.349
COMP	4.358	3.361	3.575	2.585	4.567	4.701	3.560	3.280	3.410	2.174	4.050	4.021
CPA3	4.827	1.554	4.383	2.778	3.719	5.242	2.390	2.280	2.580	3.527	5.343	3.464
CRABP2	7.257	6.802	7.590	7.378	6.856	7.750	6.467	7.484	5.980	7.204	7.298	6.443
CSF1	10.372	9.741	9.438	9.469	9.363	10.773	9.608	9.104	9.598	8.574	9.722	9.112
CSF1R	11.569	9.858	11.036	10.996	9.909	10.944	11.967	11.165	10.598	11.663	10.558	11.060
CSF2	3.979	3.361	2.990	3.948	2.982	5.490	3.197	2.058	1.732	2.911	2.050	3.284
CSF2RB	6.787	5.139	5.605	5.886	5.204	8.329	5.944	4.795	5.217	5.048	5.456	4.901
CSF3	3.465	2.139	2.798	2.948	1.397	4.412	0.390	2.473	0.995	1.326	1.728	0.962
CSF3R	8.330	8.046	8.684	8.091	7.328	10.286	8.263	7.356	8.168	7.987	7.343	6.999
CST2	3.242	2.876	3.897	2.363	1.397	3.564	3.297	3.473	3.732	2.589	3.050	3.077
CTAG1B	2.979	1.554	-0.010	9.595	2.397	2.827	2.197	0.473	1.732	7.732	2.313	0.962
CTLA4	5.827	3.361	4.383	4.636	5.397	7.997	4.882	2.473	4.054	4.133	4.372	4.377
CTNNB1	12.776	12.297	12.387	12.106	12.594	13.171	12.306	12.670	12.760	12.646	12.964	12.347
CTSS	11.156	10.852	10.767	9.994	9.474	13.035	11.440	10.911	9.891	10.678	11.261	10.368
CTSW	5.412	3.361	4.691	4.732	4.397	8.049	4.782	3.795	3.317	3.589	4.586	4.235
CX3CL1	10.674	10.024	10.348	11.263	10.172	10.532	10.098	10.137	10.530	10.333	10.091	10.090
CX3CR1	11.134	7.744	10.021	10.708	9.893	10.392	10.645	9.628	9.891	9.632	9.328	9.147
CXCL1	8.432	6.309	5.383	4.907	6.351	7.956	6.090	4.602	6.732	5.837	4.313	6.861
CXCL10	9.062	6.531	9.462	6.478	5.645	11.610	11.152	8.916	9.916	7.317	7.313	7.752
CXCL11	6.465	4.139	7.200	2.585	4.567	7.432	6.782	7.697	7.404	4.048	4.586	4.769
CXCL12	8.872	7.858	7.458	9.422	6.041	11.005	7.633	6.612	5.497	7.357	5.561	6.954
CXCL13	3.465	0.554	3.160	3.865	1.397	5.701	3.477	2.643	1.995	3.091	3.535	2.547
CXCL14	11.592	10.499	11.392	5.392	9.055	11.065	11.083	7.628	12.104	11.695	11.658	10.852
CXCL16	8.496	8.355	8.798	8.478	8.084	9.823	9.116	8.349	8.767	8.455	8.411	8.175
CXCL2	9.768	8.912	8.109	8.054	8.152	9.812	8.869	7.936	8.559	7.455	7.739	9.324
CXCL3	7.847	7.198	6.057	4.822	6.484	6.599	6.913	4.427	5.243	4.732	4.976	6.699
CXCL5	6.490	4.724	5.482	5.948	5.397	6.049	6.320	5.404	2.732	4.759	3.635	4.735
CXCL6	7.490	4.946	5.238	3.685	4.204	6.942	3.560	3.721	2.580	5.091	2.313	5.354
CXCL8	11.592	9.898	9.224	9.720	9.391	10.473	9.613	4.280	8.582	8.577	7.163	9.670
CXCL9	7.680	5.461	6.575	6.170	5.304	10.499	8.467	6.730	6.723	5.604	6.171	4.992
CXCR2	6.301	5.078	5.348	5.301	5.921	7.308	5.456	5.201	4.902	6.059	4.772	5.331
CXCR3	4.358	3.876	4.160	3.948	4.204	6.634	3.477	3.173	3.110	3.252	2.898	3.625
CXCR4	10.169	10.437	9.634	8.623	9.316	11.228	10.142	7.740	8.859	9.707	9.944	9.731
CXCR6	5.979	4.554	4.945	4.100	4.856	8.023	5.519	3.560	5.024	4.648	4.635	4.932
CXorf36	9.015	7.124	7.996	8.237	8.191	8.124	8.514	7.993	8.079	7.459	7.013	7.438
CYBB	12.049	10.282	11.365	11.286	10.474	13.356	12.085	11.106	10.936	10.905	11.804	10.384
DAB2	9.506	9.390	8.950	9.372	7.374	10.561	8.863	8.690	7.481	9.023	8.903	8.091
DDB2	10.335	9.585	10.251	8.253	10.832	11.533	9.598	9.031	10.307	8.852	10.991	8.238
DEFB134	5.657	3.361	4.798	4.685	5.484	5.942	3.477	3.058	3.217	3.811	3.187	4.377
DEPTOR	8.308	7.663	7.811	8.543	7.823	8.112	8.562	9.131	7.544	8.415	7.659	8.672
DKK1	4.745	3.876	4.450	2.100	1.397	6.196	3.090	2.473	2.580	3.527	3.050	3.699
DLL1	8.024	8.261	8.506	9.531	7.419	8.319	8.285	10.507	9.202	7.558	7.700	9.300
DLL4	7.552	6.412	6.848	6.948	6.921	7.075	6.297	5.758	5.964	6.289	5.586	6.035
DNMT1	9.660	10.282	10.050	10.037	10.557	10.434	10.329	9.939	10.333	9.338	10.720	9.860
DPP4	7.540	6.437	8.057	4.685	9.034	7.392	6.197	4.331	7.929	5.396	5.728	5.625
DTX3L	9.768	9.449	9.956	10.139	9.084	11.233	10.804	9.698	10.587	9.300	9.760	9.723
DTX4	8.041	8.282	7.823	5.755	6.397	8.432	7.090	8.267	7.460	6.405	7.077	7.360
DUSP1	12.851	11.221	9.708	11.716	11.177	12.310	12.730	10.802	11.457	12.178	9.516	12.648
DUSP2	7.465	5.198	5.160	6.533	5.982	8.626	7.378	4.280	5.933	5.194	4.252	6.962
DUSP5	10.006	9.756	9.841	9.669	9.298	10.623	8.929	7.173	9.825	9.339	9.415	10.144
E2F3	8.157	8.636	8.752	8.529	7.905	8.253	8.716	9.077	8.367	8.769	9.220	8.639
EDN1	8.372	7.989	8.013	6.063	8.537	7.827	7.971	6.318	7.713	7.086	5.120	7.795
EGF	5.702	7.154	6.861	9.042	6.097	6.451	6.791	6.702	7.352	6.361	7.041	7.932
EGFR	12.558	12.919	13.603	9.801	15.575	9.161	15.534	9.673	16.383	7.615	8.386	14.325
EGR1	12.346	11.951	11.844	12.488	11.992	11.513	12.790	11.698	13.168	12.920	10.605	13.450
EIF2AK2	9.900	9.688	10.343	10.052	9.572	10.880	10.944	10.301	10.683	10.169	10.236	10.410
EIF2B4	8.588	8.876	8.725	8.617	8.755	8.685	8.418	8.675	8.877	8.570	8.545	8.354
EIF4EBP1	9.227	10.786	10.039	9.511	9.132	8.773	9.178	8.934	9.297	9.780	10.226	9.219
EIF5AL1	6.181	4.254	3.897	4.170	5.204	6.796	3.913	2.473	2.580	2.589	3.535	4.077
ELOB	7.691	8.161	8.229	8.436	8.806	7.173	7.878	8.517	9.070	7.680	7.868	8.366
ENO1	13.555	14.056	13.904	13.467	13.565	12.822	13.108	12.931	13.314	13.537	13.337	13.600
ENTPD1	9.570	8.754	9.522	8.174	8.280	9.651	9.653	9.436	9.413	9.309	9.041	9.244
EOMES	4.117	0.554	3.450	2.585	4.397	4.564	3.560	2.643	2.869	3.004	4.050	3.184
EPCAM	5.745	4.946	5.745	4.301	4.982	5.329	4.560	4.427	3.580	4.527	4.635	3.962
EPM2AIP1	10.052	10.468	10.318	10.504	10.411	9.718	9.804	10.469	9.883	10.348	10.075	10.539
ERBB2	9.161	9.473	8.739	7.726	9.104	9.124	8.004	8.047	10.171	7.725	7.942	9.060
ERO1A	9.739	10.686	9.973	8.870	8.526	8.509	9.411	9.154	8.662	9.923	9.020	9.952
ESR1	6.050	3.876	4.450	5.100	5.204	7.308	5.171	4.117	4.217	4.558	6.298	4.662
EXO1	5.745	5.839	6.560	7.912	6.921	5.942	6.434	6.758	4.497	5.447	9.063	5.735
EZH2	7.600	8.282	9.075	8.676	8.516	7.634	9.131	8.615	8.626	7.755	10.226	8.750
F2RL1	6.657	6.335	6.219	5.270	5.921	6.634	6.693	5.997	4.802	6.379	6.313	6.625
FADD	7.847	8.657	8.429	8.104	8.191	8.422	8.567	8.047	7.983	8.179	8.224	7.681
FAM124B	6.924	5.309	5.634	6.135	6.397	7.371	6.248	5.331	5.902	6.626	6.357	5.421
FAM30A	5.867	4.139	5.035	4.585	5.856	7.471	3.712	2.932	2.995	1.811	3.313	3.962
FANCA	6.358	7.565	7.698	7.800	7.936	6.765	7.628	6.711	7.165	6.527	8.764	7.184
FAP	7.165	6.109	7.759	5.865	6.921	6.599	5.477	5.028	5.949	6.558	5.086	7.410
FAS	7.646	7.361	6.772	6.623	6.351	7.942	5.799	5.560	6.010	6.471	6.442	6.296
FASLG	4.117	3.139	3.798	3.237	1.397	7.124	3.913	3.473	0.410	1.326	2.728	2.836
FBP1	7.766	8.005	7.765	6.204	7.664	9.219	7.326	6.997	6.580	7.118	7.756	6.606
FCAR	7.970	5.508	5.718	7.579	5.856	8.900	7.820	4.280	5.191	6.326	4.372	6.606
FCGR1A	9.779	8.473	9.645	8.040	7.936	10.173	9.300	9.170	8.138	8.572	9.079	8.081
FCGR2A	11.217	10.369	10.670	9.954	8.889	12.151	10.830	9.991	9.682	10.359	10.259	10.361
FCGR2B	9.257	9.918	8.545	4.907	6.526	9.997	8.496	7.080	5.933	7.451	8.653	7.360
FCGR3A/B	11.524	10.476	10.953	9.829	8.645	11.929	10.918	10.714	9.506	10.378	10.473	9.982
FCGRT	11.029	11.128	10.669	11.009	11.128	12.241	10.970	10.522	10.414	10.201	10.384	10.131
FCN1	6.412	5.078	5.718	6.063	5.789	9.017	5.090	3.721	3.869	4.174	4.635	5.235
FCRL2	5.358	3.876	3.691	3.585	4.204	6.286	3.197	2.058	2.410	2.174	3.428	4.021
FGF13	6.611	3.876	6.417	5.987	5.856	5.827	6.849	2.795	4.580	7.562	5.857	8.549
FGF18	4.242	4.876	4.745	3.237	4.719	5.886	4.560	4.058	4.217	4.048	4.898	4.803
FGF9	6.015	4.724	4.990	4.778	6.152	6.049	4.297	3.173	4.165	6.233	6.252	5.377
FGFR1	9.041	10.669	10.353	7.591	9.091	9.190	9.546	8.353	9.617	9.393	8.952	9.388
FLNB	10.123	9.701	9.504	9.984	10.030	10.023	9.506	10.702	9.785	9.181	9.220	8.462
FLT1	9.603	8.381	9.729	7.891	8.055	7.329	9.594	8.817	8.035	8.752	7.236	9.607
FOSL1	8.528	8.560	8.645	6.450	7.806	8.617	7.456	6.813	7.317	7.335	8.439	7.730
FOXP3	5.412	3.724	4.383	4.100	4.982	6.668	4.519	3.560	4.217	4.004	4.635	3.547
FPR1	10.714	8.759	9.506	9.452	8.664	11.196	10.215	8.128	9.739	9.549	8.775	9.218
FPR3	9.242	8.514	8.109	8.278	7.255	11.407	9.136	8.117	6.933	7.396	8.791	7.606
FSTL3	7.952	8.554	8.057	5.363	6.645	8.137	6.248	7.581	6.570	8.194	5.815	6.717
FUT4	7.776	7.497	7.248	7.506	7.463	8.997	7.440	6.484	7.497	7.361	7.386	6.432
FYN	11.089	12.285	11.903	11.081	11.907	11.385	11.418	11.903	11.786	11.650	10.861	11.218
FZD8	6.490	6.763	7.024	4.301	7.230	6.765	6.248	5.173	3.995	5.527	7.400	6.184
FZD9	5.979	5.254	5.575	5.170	5.567	6.286	4.477	5.117	6.476	4.174	5.878	4.699
GAS1	6.515	9.361	8.046	7.278	10.925	6.970	7.145	7.248	8.947	6.683	8.731	9.197
GBP1	8.979	8.191	9.205	8.436	8.292	9.422	10.842	9.520	10.559	8.196	7.990	9.559
GBP2	10.512	10.307	10.370	10.188	9.526	10.699	11.143	9.905	10.143	9.952	9.542	9.028
GBP4	8.365	7.198	7.605	7.828	7.936	9.857	9.855	8.663	9.427	7.097	6.928	6.634
GHR	6.723	5.683	5.718	6.897	5.484	6.564	4.913	6.439	4.869	6.194	6.154	5.885
GIMAP4	9.731	8.792	9.435	9.102	8.267	11.433	9.944	9.383	9.070	9.435	8.947	8.721
GIMAP6	7.847	6.198	6.180	7.153	6.441	9.100	7.390	7.095	7.138	6.704	6.898	6.354
GLI1	5.611	4.461	4.745	4.685	4.856	5.886	5.118	4.682	6.110	3.911	3.313	5.803
GLS	9.503	8.912	8.936	9.157	8.974	10.090	8.767	7.826	8.716	9.162	8.146	8.960
GLUD1	11.929	11.584	11.351	12.644	12.283	11.859	11.597	12.110	12.547	12.092	11.036	11.946
GLUL	15.325	15.022	14.691	12.327	15.048	15.198	14.208	13.933	14.616	14.086	13.998	14.636
GMIP	6.242	5.980	6.120	6.598	5.397	7.970	6.570	5.517	5.750	5.662	6.283	5.485
GNG4	6.564	7.154	6.530	8.148	7.682	5.827	6.309	7.490	6.243	7.658	8.551	7.885
GNLY	5.181	5.980	4.848	4.778	5.719	7.196	5.434	7.214	4.695	4.619	6.794	4.662
GOT1	9.635	8.652	9.091	8.523	9.815	8.886	9.587	9.138	9.349	10.568	9.311	10.401
GOT2	9.588	9.431	9.241	9.689	9.909	9.564	9.753	9.965	9.566	10.167	9.584	10.073
GPC4	7.924	8.335	7.498	7.860	7.967	8.231	8.503	7.711	9.160	8.520	9.048	8.132
GPR160	7.301	5.946	6.099	6.270	5.719	7.781	7.138	6.989	6.124	6.438	6.947	6.296
GPSM3	9.100	8.335	8.912	8.443	7.806	10.461	8.991	8.261	8.429	9.103	8.099	7.981
GZMA	5.787	4.461	5.450	4.533	2.982	8.100	5.171	4.517	3.497	4.252	4.483	3.836
GZMB	2.979	2.876	2.312	2.585	3.397	5.942	3.712	2.795	2.580	2.326	3.187	2.184
GZMH	4.905	3.554	4.575	2.778	3.982	6.286	4.519	2.643	3.317	2.174	2.898	3.962
GZMK	5.745	5.254	6.400	5.204	3.982	10.115	5.960	4.721	4.497	4.430	4.187	4.836
GZMM	5.702	5.254	5.383	4.422	5.304	7.564	5.090	5.117	4.658	2.911	3.635	4.869
H2AFX	7.837	8.455	8.253	8.414	8.719	7.827	8.450	9.334	7.604	7.574	9.097	8.529
HAVCR2	9.685	8.361	8.948	8.492	7.997	10.283	9.667	9.282	8.277	8.985	8.688	8.648
HCK	9.852	9.022	9.193	8.868	8.125	10.960	9.524	8.509	8.440	8.383	9.061	7.973
HDAC11	9.674	8.844	9.083	7.485	8.763	8.970	9.259	9.437	7.906	8.199	7.971	8.918
HDAC3	8.862	9.180	9.264	9.466	9.274	9.292	9.195	9.224	9.833	9.227	9.458	9.091
HDAC4	8.399	8.783	8.335	8.569	9.230	8.112	8.275	8.668	9.139	8.508	8.499	8.977
HDAC5	9.358	9.198	9.038	9.725	9.425	9.376	9.059	9.126	8.595	9.066	8.857	8.732
HDC	6.540	4.554	5.035	4.585	5.567	6.914	4.297	3.865	4.497	3.396	4.586	5.105
HELLS	6.540	7.449	7.979	8.808	8.055	7.651	7.829	8.374	7.772	7.409	9.368	7.296
HERC6	8.564	7.374	7.725	8.464	8.125	10.523	8.958	7.145	10.103	7.585	6.750	8.366
HES1	9.452	10.237	9.315	9.061	9.511	9.286	9.700	7.899	10.908	8.164	10.129	10.073
HEY1	8.439	11.390	11.068	12.562	11.314	8.412	10.017	11.448	9.871	11.168	8.888	11.229
HIF1A	12.011	11.560	12.049	11.707	11.983	11.124	11.931	12.168	11.577	11.553	11.337	11.918
HK1	10.339	10.417	10.075	10.382	9.993	10.361	9.661	9.538	10.337	11.059	10.603	10.165
HK2	9.707	10.863	9.770	7.902	7.484	8.804	8.128	7.490	7.286	8.428	8.807	8.690
HLA-A	12.550	13.140	13.991	11.952	13.624	13.425	13.115	11.216	9.727	13.768	13.490	12.035
HLA-B	14.719	13.446	14.582	12.907	13.662	16.293	14.693	12.860	14.869	14.271	14.175	13.592
HLA-C	12.578	11.984	12.765	11.766	12.197	14.411	13.727	11.045	13.614	12.740	12.532	11.691
HLA-DMA	11.243	10.192	10.946	10.378	9.286	13.385	11.244	10.265	10.316	10.617	10.885	10.276
HLA-DMB	10.013	9.120	9.528	9.019	7.997	11.162	9.827	9.513	8.387	9.369	9.485	8.871
HLA-DOA	7.015	6.254	7.210	5.422	5.645	7.942	7.235	7.261	5.980	6.843	6.068	6.820
HLA-DOB	3.657	4.013	4.160	3.585	3.397	6.857	3.849	4.427	2.580	4.048	3.976	2.547
HLA-DPA1	11.110	9.972	10.626	10.158	9.479	12.690	11.868	10.766	10.444	11.480	10.960	10.617
HLA-DPB1	10.925	10.120	10.837	10.105	9.280	12.614	11.600	11.079	10.321	11.408	11.241	11.171
HLA-DQA1	12.186	9.754	2.575	9.836	8.763	15.070	2.197	10.157	2.217	10.615	10.554	0.377
HLA-DQA2	4.979	3.139	4.798	3.363	2.982	7.412	5.223	5.117	3.732	3.811	4.187	3.077
HLA-DQB1	10.643	8.980	-0.010	7.429	8.626	12.815	2.975	8.534	3.110	8.520	8.644	2.836
HLA-DRA	12.402	11.453	12.183	11.437	10.531	14.106	12.931	12.086	11.774	12.490	12.245	12.403
HLA-DRB1	13.662	11.946	9.897	11.372	11.122	15.386	10.894	11.318	10.930	12.165	12.033	9.901
HLA-DRB5	11.354	11.311	3.160	10.322	10.619	13.580	2.560	10.538	1.732	12.452	2.535	11.944
HLA-E	13.204	12.318	12.842	11.803	11.994	14.601	13.199	12.252	13.109	12.138	12.739	12.262
HLA-F	10.340	9.265	10.444	8.694	10.066	12.725	10.305	8.251	10.170	9.065	9.352	8.871
HMGA1	9.344	9.938	9.790	9.623	9.224	10.062	9.067	9.080	8.404	9.054	9.508	9.037
HMGB1	7.133	8.361	8.046	7.109	8.217	6.701	8.245	7.726	8.233	7.893	8.313	7.865
HNF1A	4.564	3.554	2.798	2.778	4.204	6.100	3.477	1.795	2.869	2.326	3.187	3.464
HRAS	9.881	9.590	9.328	9.332	10.172	10.559	9.286	8.442	9.688	8.891	10.104	8.601
HSD11B1	7.301	5.912	5.691	8.063	7.230	6.796	6.004	5.254	5.600	6.752	4.772	6.869
ICAM1	11.204	10.112	10.343	8.755	7.547	10.427	11.099	8.170	9.464	9.160	9.606	10.288
ICAM2	7.503	5.461	6.466	5.927	5.921	6.886	6.738	6.571	5.785	6.261	5.898	6.690
ICAM3	7.100	7.078	7.002	6.598	7.178	9.068	7.178	6.280	7.449	6.752	6.761	7.454
ICAM5	8.802	6.963	7.160	3.237	7.873	7.527	7.278	3.643	6.941	8.159	6.509	8.388
ICOS	4.117	3.139	3.691	2.100	2.982	5.149	3.560	1.795	2.410	2.589	2.898	1.962
ICOSLG	10.349	8.933	9.737	7.016	8.526	10.427	9.388	9.462	9.061	7.266	8.328	8.855
ID4	10.125	11.938	11.931	5.392	12.029	9.259	11.783	12.260	11.633	10.919	10.266	12.050
IDO1	6.117	4.802	6.099	5.478	5.397	8.319	6.197	3.643	7.198	3.004	4.428	4.699
IER3	10.573	9.387	7.891	10.714	7.441	11.043	10.095	7.337	8.413	8.504	8.361	8.912
IFI16	10.272	9.785	10.546	10.399	8.577	9.896	10.608	10.636	9.609	10.703	10.964	10.301
IFI27	11.785	10.189	10.697	10.948	9.705	14.015	11.817	10.743	10.699	10.509	11.088	11.243
IFI35	9.682	8.329	8.867	9.595	8.746	11.635	9.461	7.479	10.170	8.094	8.469	8.493
IFI6	11.411	9.867	11.796	11.698	9.547	13.340	12.640	10.410	10.987	9.926	10.024	10.599
IFIH1	9.261	8.719	9.185	9.206	8.897	11.178	9.840	8.784	10.174	8.615	8.995	9.377
IFIT1	9.537	7.773	8.988	9.546	7.921	11.798	9.744	8.889	9.261	7.905	8.072	8.613
IFIT2	8.966	8.844	9.516	9.187	6.606	10.621	9.315	8.566	8.544	7.666	7.971	8.028
IFIT3	10.290	9.458	9.923	9.332	7.905	12.437	10.371	9.632	11.412	9.322	9.676	9.618
IFITM1	10.770	9.633	9.793	10.726	8.635	12.843	10.508	11.249	10.763	8.948	9.332	10.113
IFITM2	10.793	9.701	10.184	11.070	9.069	11.733	10.078	10.425	8.891	10.002	9.185	9.867
IFNA1	5.905	3.876	5.312	4.026	4.719	6.599	3.782	3.058	1.732	2.463	3.728	4.184
IFNAR1	9.549	9.699	9.512	9.374	9.425	9.167	9.966	10.119	9.549	10.298	9.451	9.654
IFNG	4.657	4.013	2.575	3.865	4.397	5.329	3.477	3.795	3.110	2.811	4.120	3.284
IFNGR1	11.530	11.081	11.678	10.489	11.304	12.048	11.153	11.163	11.143	11.111	11.025	10.522
IFNGR2	11.073	10.745	10.786	10.848	11.169	12.405	11.207	10.152	11.121	11.264	11.305	10.487
IGF2R	9.305	8.729	8.732	9.342	8.587	9.392	8.822	9.010	8.462	9.021	9.615	8.162
IHH	4.358	2.554	3.798	2.585	3.719	5.412	3.477	3.058	2.995	3.463	3.313	3.077
IKBKB	8.910	8.485	8.749	8.355	8.664	10.046	8.714	8.138	9.383	7.964	8.400	7.765
IKBKG	8.337	7.989	8.238	8.274	8.267	8.857	7.619	7.462	8.443	7.811	7.937	7.427
IL10	6.358	5.412	4.634	4.585	4.982	7.564	5.367	3.932	4.454	4.862	5.252	5.853
IL10RA	9.220	8.647	8.583	8.436	7.097	10.758	9.646	8.607	8.495	8.787	8.059	8.688
IL11	5.465	5.254	5.078	3.778	5.484	6.451	5.693	4.117	3.995	4.759	4.535	5.077
IL11RA	8.308	8.116	7.391	4.685	7.484	7.812	7.445	7.374	8.204	8.136	7.041	7.849
IL12RB2	5.702	3.361	4.634	2.778	4.567	4.412	4.519	2.795	2.869	4.589	4.772	5.735
IL15	5.181	4.876	6.257	5.968	4.719	6.701	6.197	5.201	5.802	5.935	5.705	5.377
IL16	8.287	7.473	7.879	7.642	6.789	10.158	8.522	7.795	7.937	7.775	7.456	7.511
IL17A	4.745	3.361	3.897	3.585	4.982	5.412	2.849	1.058	2.410	2.174	3.050	3.284
IL18	7.552	7.673	7.956	6.378	6.041	7.796	8.387	8.467	6.758	8.562	6.985	7.756
IL18R1	4.465	3.724	3.798	3.478	3.982	5.634	3.712	4.427	7.465	4.837	2.728	4.132
IL1A	8.220	6.783	6.605	8.054	5.397	7.432	10.452	6.214	9.194	6.335	6.068	8.754
IL1B	10.575	7.268	7.219	9.778	6.889	9.075	11.479	5.813	10.326	8.156	7.305	10.001
IL1R2	5.515	5.876	6.466	4.778	5.789	6.914	4.090	4.280	5.767	5.970	5.050	4.803
IL1RN	7.117	6.078	5.383	6.286	4.982	7.527	6.675	2.932	3.658	4.785	5.313	5.527
IL2	5.867	3.876	4.514	4.026	5.097	6.149	3.638	2.932	2.732	2.004	3.815	4.331
IL21R	5.979	3.139	4.383	6.100	4.397	7.173	4.975	4.173	3.497	4.396	3.635	2.699
IL22RA1	4.905	4.802	4.634	4.422	5.719	6.634	3.090	3.643	3.802	2.811	4.313	4.021
IL24	4.358	3.139	2.990	3.478	4.719	5.490	2.975	1.795	2.869	2.004	1.313	4.331
IL2RA	7.084	4.802	4.897	4.478	4.397	7.371	5.272	2.932	4.964	6.070	5.898	4.625
IL2RB	6.084	4.254	5.823	4.987	4.567	8.184	5.580	3.932	4.165	4.091	5.086	4.235
IL2RG	6.439	5.763	6.530	5.865	3.397	9.345	6.799	5.777	4.767	5.785	6.050	5.464
IL32	10.102	11.050	8.965	8.021	7.645	9.990	9.203	8.145	7.311	8.555	7.883	7.984
IL33	9.279	9.116	9.687	9.115	8.710	8.518	8.496	9.033	7.700	8.328	8.570	8.272
IL34	7.242	4.554	6.498	5.301	6.441	7.149	6.145	4.899	5.476	7.102	5.343	6.877
IL4	3.827	0.554	1.990	2.948	4.719	4.942	1.975	2.473	0.995	1.811	1.728	2.547
IL6	10.340	7.062	6.160	7.301	6.789	8.977	9.306	3.795	8.144	6.174	6.313	7.517
IL6R	9.165	8.704	9.109	8.940	7.952	10.146	8.506	7.965	8.609	7.972	8.831	7.448
IL7R	6.242	5.461	5.514	5.301	6.041	8.137	5.693	4.331	4.217	5.430	4.772	5.606
INHBA	6.886	4.946	5.238	5.170	5.719	5.997	4.782	3.173	5.054	5.091	3.976	5.625
IRF1	9.340	9.074	9.613	8.639	8.041	10.674	10.001	9.161	11.494	8.492	8.513	9.774
IRF2	8.771	8.763	8.912	8.274	8.097	8.685	9.015	8.965	8.960	8.899	8.339	9.101
IRF3	8.781	9.371	8.996	9.280	9.526	9.441	8.899	8.238	9.639	8.463	8.739	9.145
IRF4	6.181	5.461	5.605	4.170	5.304	9.225	5.004	5.117	4.165	4.619	5.086	5.308
IRF5	8.141	7.839	8.229	7.221	7.397	9.676	7.782	7.427	7.658	7.208	7.605	6.786
IRF7	8.657	8.078	8.663	7.987	7.626	10.543	8.937	7.899	8.883	7.426	7.883	8.181
IRF8	8.657	8.093	8.365	7.126	7.178	9.412	8.925	8.413	7.549	7.993	7.676	7.620
IRF9	10.062	10.081	10.458	10.563	9.852	11.312	10.733	10.171	10.940	9.483	9.835	10.346
ISG15	10.707	8.709	10.467	10.507	8.789	13.556	11.412	10.105	11.215	8.952	9.535	9.825
ITGA1	8.837	7.598	8.404	7.598	7.889	7.928	8.946	7.028	7.802	8.305	7.059	8.351
ITGA2	8.287	8.191	8.248	5.611	8.789	8.599	9.195	8.277	8.161	6.849	6.372	8.305
ITGA4	8.600	7.543	8.299	8.161	7.682	10.348	8.621	6.702	8.100	8.268	8.259	7.399
ITGA6	9.917	9.329	9.888	9.241	8.673	8.264	9.893	9.973	8.184	8.837	9.125	10.372
ITGAE	7.867	7.744	8.180	7.795	8.397	7.527	8.364	8.709	8.191	8.104	8.786	8.501
ITGAL	8.272	6.412	7.474	7.044	6.567	10.451	7.684	6.965	6.767	6.396	7.937	6.063
ITGAM	8.521	7.830	7.725	7.332	6.889	8.949	7.905	6.711	7.046	7.213	7.810	7.118
ITGAV	12.539	12.059	11.830	12.389	11.870	12.964	12.167	12.643	11.786	12.878	10.841	11.893
ITGAX	11.259	10.174	10.283	9.409	9.737	12.519	10.301	9.802	9.874	9.178	10.318	9.272
ITGB2	12.063	11.154	10.805	10.164	10.450	13.306	10.962	10.445	10.391	10.548	11.258	10.310
ITGB3	6.961	7.912	7.219	6.348	6.682	7.432	6.285	6.356	6.793	6.849	5.794	5.567
ITGB8	10.826	11.853	12.469	9.425	12.530	9.386	12.789	11.669	13.463	11.265	10.707	13.028
ITPK1	10.873	10.735	10.792	9.070	10.616	9.973	10.555	11.071	10.543	10.369	9.939	11.014
JAG1	9.718	9.883	10.320	9.704	10.125	8.742	9.966	9.233	9.969	9.083	9.506	9.869
JAG2	5.787	4.946	4.945	4.636	5.719	6.049	4.599	3.560	3.732	4.289	5.456	5.077
JAK1	10.257	10.301	10.229	11.188	10.185	10.534	10.115	10.369	10.215	10.351	9.948	10.056
JAK2	9.576	9.551	9.680	9.546	9.463	10.767	9.800	9.093	10.019	9.381	9.224	9.391
JAK3	8.629	6.335	7.530	7.153	5.645	9.681	7.338	6.462	6.340	7.242	6.805	6.331
KAT2B	11.072	11.420	11.436	10.014	11.614	10.934	10.760	11.441	10.984	11.324	10.470	11.635
KDR	8.952	6.963	8.040	8.588	8.654	7.173	8.037	7.550	7.869	7.112	6.761	7.832
KIF2C	5.358	6.576	6.897	7.355	6.952	5.827	6.944	7.682	5.619	6.123	8.767	6.653
KIR2DL3	6.979	5.461	5.348	4.778	6.041	7.412	3.638	3.173	3.217	2.704	3.815	5.644
KIR3DL1	6.050	4.461	3.691	3.865	4.719	6.242	2.975	3.380	1.410	2.004	1.313	4.547
KIR3DL2	4.657	3.139	3.450	2.100	4.719	5.149	-0.610	-0.527	0.410	0.589	-0.272	2.962
KIT	5.787	5.946	5.312	6.948	7.255	5.049	6.171	7.744	5.885	6.690	5.187	8.067
KLRB1	4.905	3.361	4.450	3.948	4.204	7.075	4.849	4.965	3.658	4.811	4.635	4.132
KLRD1	4.905	5.254	5.383	4.363	4.719	6.196	4.434	5.473	5.054	5.308	4.428	5.184
KLRK1	5.657	5.554	6.035	4.948	3.719	8.062	5.519	8.346	3.995	9.014	4.586	5.049
KRAS	9.084	8.744	8.474	9.822	9.885	9.371	9.102	8.903	9.666	9.253	9.945	9.287
LAG3	5.181	4.254	5.545	5.559	4.982	9.081	5.297	6.201	4.454	4.396	6.548	4.586
LAIR1	9.993	9.309	9.421	8.549	8.495	11.413	9.408	8.362	8.772	9.296	9.254	8.219
LAMA1	6.358	7.543	8.659	7.450	6.982	6.796	7.248	6.981	8.323	5.633	7.995	5.421
LAMB3	6.242	5.508	6.909	6.392	7.012	6.412	5.434	5.981	5.432	8.073	6.898	6.197
LAMC2	4.117	3.554	4.312	3.685	3.982	4.412	2.849	3.865	3.217	4.430	3.428	5.210
LCK	5.117	4.361	5.348	4.732	3.719	8.264	4.816	3.560	2.732	4.174	4.635	4.377
LDHA	11.846	12.604	12.642	10.643	11.287	10.407	11.446	10.889	10.970	12.538	12.278	12.689
LDHB	12.918	12.589	12.550	13.385	12.876	12.376	12.590	12.675	12.906	12.648	12.956	13.113
LGALS9	10.024	9.074	9.590	8.855	8.567	11.726	9.617	8.918	9.143	8.056	9.627	7.873
LIF	9.891	8.316	9.102	8.100	8.292	8.518	6.937	6.028	8.332	7.339	7.542	7.278
LILRA1	7.623	6.641	6.677	5.968	5.789	8.701	7.034	6.173	6.243	5.849	6.220	6.366
LILRA3	3.827	4.254	4.312	4.170	5.304	5.942	3.390	3.560	3.217	3.004	3.535	4.021
LILRA5	7.084	5.309	5.663	5.506	5.097	9.568	5.580	4.331	4.836	4.430	5.976	5.308
LILRB2	7.817	6.783	7.229	6.533	5.921	9.697	7.529	6.528	6.329	6.480	6.509	6.158
LILRB4	10.111	9.154	9.600	8.846	8.823	12.119	9.592	8.957	8.921	8.762	9.798	8.402
LOXL2	7.133	7.631	8.073	7.035	6.526	6.827	6.248	6.131	6.580	7.312	6.647	6.615
LRRC32	8.570	7.093	8.140	6.708	7.506	8.173	7.816	6.612	6.497	7.004	6.120	7.491
LTB	5.979	4.361	5.238	5.886	4.719	10.109	4.599	3.721	4.165	4.463	4.937	4.132
LTBP1	10.287	10.040	9.560	7.392	9.640	10.199	9.956	8.487	8.894	8.690	10.649	9.489
LY9	5.787	4.641	4.990	4.170	4.982	7.219	4.434	4.058	4.054	3.759	4.728	4.662
LY96	9.283	8.704	8.956	9.153	7.152	9.297	9.026	8.625	7.460	9.938	8.483	8.467
LYZ	11.459	11.013	11.018	9.574	8.798	14.736	10.589	9.182	9.830	9.014	11.007	9.166
MAGEA1	4.979	2.876	4.450	7.286	4.567	5.765	3.638	2.795	2.869	3.004	2.313	3.836
MAGEA12	3.827	2.876	3.990	3.948	4.567	4.412	2.975	2.643	2.732	2.911	2.535	3.464
MAGEA3/A6	5.412	2.554	4.312	6.533	4.397	5.490	3.297	1.473	2.217	5.289	0.728	3.769
MAGEA4	5.050	2.554	4.078	7.697	4.204	5.490	2.197	3.560	1.732	2.326	3.535	2.699
MAGEB2	4.979	4.254	4.514	4.301	5.097	6.286	5.062	3.997	4.539	4.289	4.252	4.184
MAGEC1	5.117	2.876	3.990	10.028	4.567	5.490	2.197	2.643	2.732	3.004	2.535	2.699
MAGEC2	5.611	2.554	3.691	11.227	2.982	4.827	3.297	2.280	1.995	3.174	2.898	2.699
MAML2	8.528	9.678	8.583	8.657	8.913	7.412	8.567	9.858	8.427	8.793	7.442	9.125
MAP3K12	7.997	8.093	7.656	7.691	7.328	7.308	7.619	6.957	7.750	7.596	6.947	7.485
MAP3K5	10.155	9.970	9.600	8.297	9.701	9.613	9.613	8.889	8.851	10.234	9.036	9.221
MAP3K7	10.746	10.763	10.872	10.772	10.982	11.035	10.825	10.672	10.712	10.622	10.871	10.369
MAP3K8	9.455	8.335	8.088	7.849	6.982	9.124	8.501	7.663	7.976	8.496	7.415	8.349
MAPK10	8.997	8.714	8.545	8.975	10.559	8.701	8.501	8.675	9.070	9.463	7.688	9.337
MARCO	7.635	7.240	5.238	5.270	4.719	9.219	4.638	3.058	5.600	5.558	5.878	6.091
MB21D1	7.165	7.412	6.848	7.591	6.889	8.546	7.997	6.830	8.021	7.133	8.320	6.354
MELK	5.979	6.724	6.057	7.471	7.789	6.827	6.857	7.221	5.497	6.289	8.731	6.035
MET	7.316	7.554	7.575	5.927	6.567	7.149	8.069	6.786	4.539	7.032	7.918	7.893
MFGE8	10.978	11.583	10.598	10.838	10.122	10.947	10.282	10.052	10.516	11.433	9.242	10.459
MFNG	7.807	7.013	6.545	9.086	6.789	8.758	7.241	7.721	7.039	6.837	6.483	6.606
MGMT	9.157	8.912	8.352	9.591	8.587	9.655	8.754	8.287	8.683	7.704	7.305	8.308
MICA	7.552	7.963	7.867	4.987	6.304	7.734	6.937	5.517	7.110	5.958	6.120	6.118
MICB	6.979	6.109	6.921	5.636	5.304	7.928	8.001	5.028	6.305	5.619	7.212	5.962
MKI67	6.702	8.282	8.642	9.837	8.506	7.718	8.876	8.337	6.039	8.280	11.348	7.537
MLANA	6.050	5.013	5.120	4.422	5.789	6.371	4.434	3.473	3.869	4.213	4.313	5.077
MLH1	9.876	9.734	9.825	9.588	9.959	10.068	9.306	9.558	9.429	9.508	9.738	9.463
MMP1	6.540	5.802	5.078	5.026	4.856	6.734	4.712	3.058	2.410	3.252	3.535	4.803
MMP7	5.943	6.226	6.330	4.987	5.204	6.412	4.197	5.173	3.802	5.252	6.298	4.464
MMP9	7.933	4.641	5.990	4.778	5.567	7.900	6.609	3.280	8.305	5.344	5.428	6.158
MMRN2	8.755	6.876	7.506	7.907	7.789	8.591	7.960	6.973	7.024	6.975	6.068	7.098
MRC1	7.635	8.070	6.848	6.855	5.856	7.812	6.332	6.941	6.465	8.321	6.937	7.820
MRE11	8.680	9.523	8.953	8.495	8.710	8.329	9.113	9.402	8.962	9.119	9.092	9.077
MS4A1	5.611	5.683	5.120	4.732	5.856	6.970	4.344	2.795	3.802	3.862	3.898	4.547
MS4A2	3.827	2.139	3.160	2.948	2.397	4.564	1.390	2.058	2.732	2.463	3.050	1.962
MS4A4A	10.196	9.688	9.301	8.746	7.547	11.336	9.878	9.721	8.415	9.841	9.860	9.532
MS4A6A	7.242	6.876	7.160	6.253	5.204	8.796	6.756	6.517	4.619	6.923	7.204	6.210
MSH2	8.458	8.980	8.694	8.761	8.997	8.480	9.332	9.443	8.544	9.089	9.785	9.675
MSH6	7.797	8.316	7.973	8.174	8.204	8.049	8.245	8.187	8.103	8.051	8.844	7.812
MTOR	9.096	9.381	9.687	9.166	9.582	9.340	9.588	9.497	9.536	9.361	9.752	9.150
MX1	9.952	7.424	9.257	7.400	6.889	12.197	10.312	7.386	10.079	7.852	8.605	8.188
MXI1	8.623	9.312	8.620	9.072	8.495	8.643	8.575	9.203	9.133	9.289	7.805	8.953
MYC	9.721	9.885	9.446	9.405	9.687	9.386	9.682	9.170	9.625	8.308	8.271	9.296
MYCT1	7.886	5.876	6.200	7.072	6.351	7.173	7.076	6.663	5.917	6.361	5.705	6.786
MYD88	10.079	9.607	10.028	10.491	9.484	11.531	9.567	9.299	10.009	9.470	10.815	8.945
NBN	9.606	9.858	10.067	9.643	10.342	9.319	10.282	10.336	9.867	9.957	9.483	10.181
NCAM1	12.065	12.252	11.723	11.999	12.138	11.226	12.072	12.452	11.491	11.945	10.709	12.445
NCR1	5.242	4.254	4.238	4.170	5.097	6.286	3.849	3.795	3.110	3.527	2.898	4.021
NDUFA4L2	8.611	8.734	8.429	7.457	7.856	8.412	8.101	6.173	7.191	10.015	7.290	7.290
NECTIN1	9.784	9.390	9.415	8.021	8.654	9.247	9.720	10.212	8.261	9.955	9.478	9.856
NECTIN2	10.045	9.927	10.039	9.968	9.668	10.534	9.796	9.449	10.442	9.649	10.065	9.771
NEIL1	8.425	8.437	8.553	7.660	8.316	7.842	6.952	7.073	8.370	8.211	7.503	8.148
NF1	9.141	9.319	9.308	9.189	9.474	8.935	8.982	9.088	9.211	8.720	9.057	9.157
NFAM1	7.766	5.802	6.078	6.855	5.397	9.056	6.609	5.830	6.024	5.574	6.137	5.260
NFATC2	8.399	7.783	8.219	7.617	8.111	9.036	8.148	8.439	8.204	7.785	7.350	7.606
NFIL3	9.804	10.301	9.782	9.772	9.012	9.366	9.605	10.083	8.929	9.378	9.283	9.949
NFKB1	9.537	9.449	9.417	8.943	9.345	10.213	9.588	9.290	9.622	9.555	9.107	9.130
NFKB2	9.537	9.352	8.864	9.235	7.982	10.270	8.921	8.640	8.817	8.549	8.810	8.142
NFKBIA	13.169	12.506	11.654	12.620	12.295	12.825	12.967	11.482	12.333	11.532	11.496	12.166
NFKBIE	7.588	7.240	7.575	6.720	6.645	8.124	8.051	6.692	7.039	6.993	7.103	6.885
NGFR	8.109	9.832	9.587	3.778	6.351	8.701	8.423	7.808	9.291	11.277	9.545	8.299
NID2	8.509	7.361	7.867	7.992	7.328	9.231	7.944	6.865	7.178	7.321	6.548	7.049
NKG7	7.611	5.839	6.545	6.118	5.204	10.345	7.090	5.539	5.476	4.785	6.204	5.399
NLRC5	8.372	7.169	8.462	8.081	7.645	9.499	8.619	7.763	9.112	6.818	7.407	8.703
NLRP3	7.257	4.946	5.897	6.833	6.041	8.765	6.975	4.997	6.508	5.527	5.586	5.547
NOD2	7.050	6.508	6.400	6.378	5.484	8.381	6.730	6.404	5.750	5.862	6.671	5.049
NOS2	4.905	4.254	7.575	4.732	9.138	4.827	4.560	2.932	9.023	3.589	3.728	4.132
NOTCH1	9.298	10.201	10.506	10.845	10.482	9.935	9.827	10.102	10.109	8.893	10.412	9.905
NOTCH2	10.833	10.936	10.568	12.034	11.393	11.397	10.547	11.027	11.202	10.655	10.496	10.688
NRAS	10.135	10.116	10.262	10.370	10.357	9.845	10.155	10.204	9.877	10.007	11.169	9.893
NT5E	7.540	7.322	9.013	6.135	8.606	8.381	8.691	6.973	6.138	8.110	7.120	8.226
OAS1	9.797	8.101	9.896	8.366	8.710	11.878	10.238	8.077	11.573	7.596	8.483	8.360
OAS2	9.768	7.849	9.274	9.533	7.719	12.607	10.708	8.290	11.177	7.859	8.847	8.667
OAS3	9.412	8.085	9.722	9.170	8.989	11.873	10.570	8.218	11.137	7.955	8.988	8.879
OASL	7.242	6.387	6.921	6.958	5.204	9.190	7.456	5.965	7.639	4.981	5.343	6.063
OLFML2B	8.024	6.620	6.257	9.838	6.441	8.049	8.026	7.495	6.329	8.070	7.086	6.916
OLR1	9.429	8.497	10.039	8.191	9.055	10.176	10.044	8.813	9.249	7.752	9.407	8.728
OTOA	2.657	3.876	4.078	2.100	4.204	5.049	3.975	2.473	3.217	1.811	3.728	3.184
P2RY13	9.121	6.704	8.046	8.868	6.889	9.422	9.151	8.043	7.840	7.840	7.077	7.552
P4HA1	8.975	9.576	9.245	7.992	8.165	8.036	8.736	9.064	8.387	10.082	9.206	9.306
P4HA2	7.713	7.876	7.078	5.204	6.041	7.023	7.303	6.592	6.570	8.191	6.837	6.893
PALMD	9.253	8.543	7.718	8.654	7.806	9.777	8.291	7.697	7.745	7.792	7.842	8.053
PARP12	8.528	7.830	8.601	7.492	7.280	9.781	9.437	8.110	9.362	7.708	7.933	8.443
PARP4	9.268	9.212	9.188	9.311	9.091	10.134	9.363	9.119	9.230	9.187	9.304	8.908
PARP9	9.075	8.576	9.504	9.075	7.921	10.026	10.020	9.493	9.294	8.805	8.685	9.447
PC	9.792	10.352	9.715	10.175	9.631	9.896	9.397	9.484	9.357	9.279	8.463	9.815
PCK2	7.713	7.754	7.725	8.100	7.012	8.573	7.628	6.989	7.110	7.159	7.831	7.112
PDCD1	4.657	3.876	4.990	4.026	4.982	6.857	4.675	3.173	3.497	3.862	3.728	4.962
PDCD1LG2	6.943	5.724	6.590	6.044	5.856	7.857	7.254	5.865	7.828	5.496	6.154	6.343
PDGFA	8.496	8.933	9.241	6.673	10.761	8.036	9.366	7.822	10.907	7.633	7.212	9.026
PDGFB	7.528	6.508	6.677	7.109	6.567	7.796	7.933	6.318	7.865	7.128	5.878	7.139
PDGFRB	9.688	9.381	9.402	9.225	10.277	10.536	9.760	8.504	10.773	8.628	7.888	9.285
PDK1	8.867	10.348	9.528	8.669	8.138	7.983	8.216	7.912	8.086	9.353	8.823	9.438
PDZK1IP1	6.385	4.876	5.120	3.778	4.982	7.412	4.638	4.228	3.497	4.886	4.428	5.284
PECAM1	10.356	9.511	10.200	9.037	9.069	10.466	10.480	9.452	10.278	10.087	9.133	9.937
PF4	4.657	3.724	4.383	3.948	4.567	5.564	2.712	2.280	2.410	2.704	2.313	3.077
PFKFB3	10.424	10.810	10.207	10.086	8.936	10.121	9.667	9.229	9.983	9.282	8.601	9.432
PFKM	9.092	8.912	8.801	8.651	8.645	8.286	8.754	8.716	8.885	9.256	8.844	9.272
PGPEP1	9.235	9.482	8.939	8.651	9.659	9.621	8.745	8.318	8.972	9.355	9.224	8.440
PIAS4	9.540	9.282	9.460	8.743	9.901	9.617	9.358	8.716	9.272	8.777	9.555	9.364
PIK3CA	8.149	8.749	8.506	7.876	9.084	7.350	8.493	9.353	8.997	9.304	8.236	9.130
PIK3CD	8.558	7.609	7.778	7.598	7.351	10.267	7.853	6.804	7.432	7.308	7.598	7.084
PIK3CG	7.635	6.912	7.830	7.212	6.567	8.668	8.145	7.539	6.933	7.261	7.259	6.954
PIK3R1	9.802	10.418	10.071	10.290	10.374	9.513	10.215	10.462	11.404	10.298	9.302	10.972
PIK3R2	10.165	10.571	10.576	11.530	11.173	11.239	10.345	9.873	11.055	10.143	11.481	10.484
PIK3R5	8.365	8.807	8.458	7.828	7.374	9.796	8.604	7.870	7.758	8.001	7.805	7.690
PKM	13.452	13.254	13.119	13.810	12.760	13.492	12.771	12.451	12.555	13.552	13.028	12.861
PLA1A	6.301	4.361	4.798	4.170	4.567	7.196	5.730	5.173	3.317	4.463	4.050	4.836
PLA2G2A	12.904	9.275	8.749	6.997	6.682	6.564	7.760	2.058	5.980	6.543	5.878	5.210
PLOD2	10.657	10.600	9.790	9.924	9.004	8.208	9.555	9.100	7.754	9.271	9.144	9.675
PMS2	8.896	9.097	9.454	7.953	9.334	8.275	9.280	8.889	9.261	8.070	9.259	9.394
PNOC	6.540	3.554	3.691	2.100	5.484	5.701	6.529	1.795	5.658	8.179	6.635	5.769
POLD1	6.540	7.268	6.798	7.212	7.664	7.599	6.747	6.306	7.138	5.648	7.878	6.496
PPARG	6.979	7.335	7.088	8.170	6.152	8.402	5.944	5.830	5.658	5.958	6.522	5.992
PPARGC1B	6.997	7.531	7.417	6.907	7.280	8.319	6.913	5.450	7.323	6.589	7.267	7.485
PRF1	5.301	3.554	4.312	4.478	2.397	7.564	4.145	3.643	2.995	2.704	3.728	3.901
PRKAA2	6.766	7.062	6.160	8.040	7.463	6.371	6.367	7.254	6.639	7.223	6.386	7.667
PRKACB	10.767	9.912	10.092	10.515	11.178	9.949	10.818	11.366	9.944	11.373	9.848	11.123
PRKCA	10.630	10.335	10.575	11.053	11.028	10.143	9.948	10.602	10.381	11.088	9.876	10.528
PRKX	4.465	4.254	2.575	3.100	4.204	4.242	3.090	2.932	4.454	3.252	4.252	1.962
PRLR	6.117	4.013	4.745	4.026	5.304	7.308	4.145	2.932	8.332	3.326	5.050	4.992
PROM1	7.623	8.797	7.140	7.325	7.719	7.264	6.874	7.989	6.957	7.059	13.658	7.795
PRR5	7.657	6.663	7.303	6.204	6.645	7.827	6.131	6.131	6.243	7.004	6.761	6.820
PSMB10	9.392	8.161	8.533	9.882	7.823	10.655	9.025	8.062	9.562	8.240	8.564	8.158
PSMB5	10.450	10.013	10.200	10.906	10.675	10.520	10.197	10.077	9.973	9.895	10.746	9.953
PSMB8	9.660	9.265	9.888	9.315	9.249	10.896	10.200	9.165	10.314	9.541	9.548	9.456
PSMB9	9.461	8.849	9.545	8.407	8.881	11.443	10.069	8.663	10.219	8.764	8.714	9.450
PTCD2	7.032	7.704	7.474	7.072	6.889	6.970	7.241	8.238	7.381	7.504	7.516	7.897
PTEN	8.075	8.678	8.634	9.124	8.832	8.499	8.776	8.928	9.026	9.440	9.668	8.782
PTGER4	9.113	7.309	7.656	7.685	6.606	10.414	8.855	6.241	6.432	7.228	7.705	6.517
PTGS2	8.378	6.620	5.238	7.485	6.645	7.871	6.960	4.117	4.802	5.604	4.428	9.175
PTPN11	12.452	12.210	12.046	11.891	12.635	11.992	11.681	11.922	12.826	12.026	11.939	11.901
PTPRC	8.496	7.078	7.294	7.566	6.789	10.392	8.135	6.989	7.068	7.622	7.653	7.105
PVR	8.718	8.734	8.361	8.332	9.048	8.461	8.210	7.214	8.842	7.600	8.343	8.003
PVRIG	6.680	7.663	7.099	6.422	7.701	8.518	7.514	6.102	8.039	6.438	6.548	6.672
RAD50	9.287	9.628	9.827	8.703	9.159	8.184	9.798	9.956	9.750	9.710	9.459	9.771
RAD51	5.657	5.554	5.238	6.506	6.255	6.371	6.019	6.187	3.933	5.558	7.120	5.752
RAD51C	8.471	7.449	7.170	8.262	8.781	8.886	7.707	7.711	7.840	7.662	8.476	7.685
RASAL1	6.702	5.078	5.634	4.533	6.204	7.023	6.171	5.306	4.802	6.792	3.428	6.861
RASGRF1	8.323	8.226	7.909	5.844	7.587	7.490	8.580	9.824	6.068	7.788	7.641	9.219
RB1	10.543	10.074	10.411	10.703	10.408	10.683	11.246	10.450	9.856	10.232	9.591	10.108
RBL2	10.173	10.665	10.461	10.101	10.298	10.213	10.510	10.585	10.640	10.652	10.388	10.721
RELA	10.305	10.504	10.255	10.640	10.138	10.664	9.791	9.807	9.982	9.581	10.067	9.685
RELB	8.696	8.233	8.352	7.135	7.152	8.693	8.178	8.073	7.619	8.223	7.805	7.606
RELN	5.905	4.139	5.417	5.063	5.645	4.827	5.657	5.228	4.619	6.455	5.794	7.475
REN	2.657	1.554	1.575	1.363	3.397	2.827	1.975	1.473	0.995	2.326	2.728	1.377
RICTOR	9.455	9.771	9.564	9.801	9.191	9.329	9.759	10.414	9.659	9.649	8.957	9.802
RIPK1	8.067	8.406	8.927	7.933	7.967	8.361	8.341	8.110	8.590	8.566	8.236	7.908
RIPK2	8.149	8.582	8.057	9.040	7.664	8.286	9.078	9.062	7.754	8.648	7.898	8.805
RIPK3	6.490	5.508	5.990	4.948	4.719	7.599	5.765	5.280	5.191	5.271	5.976	4.735
RNLS	6.924	7.030	6.634	5.204	6.484	6.997	6.519	6.145	5.853	7.054	6.598	7.028
ROBO4	8.075	6.620	7.057	7.450	7.304	6.599	7.647	7.287	7.676	6.683	5.918	6.947
ROCK1	8.966	8.802	8.921	8.011	9.026	8.555	8.874	8.983	8.292	8.929	8.561	8.165
ROR2	7.287	6.109	4.798	4.865	5.397	7.471	4.638	5.058	4.217	4.252	7.335	4.869
RORC	3.979	4.554	4.078	3.585	4.397	4.242	1.975	2.280	2.217	2.811	1.313	1.962
RPL23	14.103	13.417	13.389	14.569	14.162	14.343	13.662	13.802	13.871	13.545	14.163	13.886
RPL7A	13.176	13.028	12.910	13.827	13.382	13.134	13.100	13.788	13.288	13.008	13.532	13.346
RPS6KB1	8.588	8.431	8.088	8.800	8.913	8.340	8.461	8.824	8.487	8.666	8.404	8.496
RPTOR	8.797	9.187	9.046	8.575	9.267	8.834	8.423	8.509	8.619	8.480	8.580	8.459
RRM2	7.287	9.226	8.993	9.526	9.397	8.668	9.583	9.062	7.204	7.840	10.994	8.683
RSAD2	9.509	8.183	9.492	9.280	7.587	12.432	10.064	8.170	10.697	7.317	8.259	8.697
RUNX3	6.564	5.839	6.120	5.100	5.304	8.361	6.272	6.028	4.869	4.676	6.068	5.308
S100A12	5.611	4.013	4.514	5.270	4.856	7.196	3.849	4.865	4.364	4.527	3.187	4.132
S100A8	9.305	7.268	8.680	7.450	6.719	10.297	6.882	7.166	7.681	8.651	7.555	7.014
S100A9	10.335	8.849	9.575	8.485	7.921	11.632	7.604	8.004	9.241	9.426	9.539	8.247
SAMD9	7.807	7.399	7.945	7.817	7.873	9.761	10.002	8.547	9.015	8.403	8.244	8.627
SAMSN1	9.137	7.783	9.002	7.703	7.351	9.087	9.248	8.238	7.991	8.600	8.555	7.962
SBNO2	9.137	9.251	9.777	8.340	8.865	9.340	8.659	7.870	9.729	8.819	8.842	8.769
SELE	5.905	4.641	5.035	5.063	6.152	6.886	6.791	4.058	4.110	3.759	4.535	5.158
SELL	6.657	5.683	5.691	8.204	5.204	8.527	6.434	5.997	4.732	5.785	4.772	5.769
SELP	3.657	4.013	3.312	4.301	3.397	5.634	4.034	3.560	3.580	3.174	2.728	3.284
SERPINA1	8.316	6.704	7.474	7.450	6.397	9.286	8.161	6.462	7.292	8.029	8.175	6.743
SERPINB5	4.465	3.876	3.312	3.237	4.397	4.242	1.390	3.058	2.869	2.911	2.050	2.962
SERPINH1	9.100	8.154	8.285	8.639	8.474	7.914	8.839	8.450	7.676	9.293	8.407	7.877
SFRP1	6.943	5.198	5.348	7.270	6.719	6.942	6.816	6.560	4.658	6.174	4.428	6.388
SFRP4	10.850	7.598	7.583	6.585	9.750	11.192	9.688	6.643	7.204	8.089	8.650	7.302
SFXN1	9.212	9.734	9.782	8.336	9.511	8.546	9.532	9.768	9.408	9.813	9.458	9.958
SGK1	12.367	11.002	10.649	11.631	11.646	13.423	12.299	10.489	10.962	11.131	11.108	11.155
SH2D1A	5.412	3.724	4.798	4.026	4.567	8.893	4.560	3.721	3.933	4.091	3.187	4.235
SHC2	9.448	10.172	9.684	9.033	9.104	8.087	9.342	9.727	9.713	9.445	9.281	10.024
SIGLEC1	8.287	7.754	7.903	6.436	5.567	11.538	7.865	5.882	6.941	5.648	7.893	6.331
SIGLEC5	7.316	5.554	5.823	5.660	6.255	7.970	6.184	3.721	5.559	5.026	4.772	4.464
SIGLEC8	6.412	6.335	6.956	4.170	6.097	7.100	6.062	6.673	5.268	5.899	4.937	5.662
SIRPA	9.789	10.030	10.449	8.614	10.243	9.730	10.177	10.369	9.588	10.231	8.895	10.933
SIRPB2	6.886	6.335	6.772	6.237	5.921	8.196	6.235	5.254	6.096	6.785	6.313	5.606
SLAMF7	4.564	4.139	4.990	3.778	4.856	7.329	4.782	2.932	2.995	1.589	4.372	3.547
SLC11A1	10.065	9.191	9.365	7.654	8.084	9.376	8.749	7.421	8.539	9.208	8.103	7.648
SLC16A1	10.755	10.830	10.817	10.604	10.614	9.823	10.161	10.247	10.256	11.274	10.616	10.356
SLC1A5	8.109	8.205	8.579	9.999	7.526	9.030	8.335	8.568	8.508	7.728	8.551	8.299
SLC2A1	7.412	8.169	7.553	7.204	7.982	7.075	6.756	6.484	7.151	7.535	6.750	7.314
SLC7A5	9.445	9.491	8.965	10.939	9.304	8.804	9.344	9.629	9.587	9.786	9.529	9.081
SMAD5	8.924	9.226	9.222	9.206	9.889	8.196	9.304	9.799	9.674	9.509	9.612	9.403
SMAP1	9.323	9.953	9.703	9.796	9.678	9.392	9.780	9.757	10.077	10.157	10.095	9.406
SNAI1	7.117	7.830	6.798	7.436	8.255	7.527	5.539	5.581	6.329	5.811	5.878	5.527
SNCA	9.745	9.285	9.018	7.100	9.552	10.118	9.944	9.488	8.949	10.780	9.750	10.800
SOCS1	7.787	5.802	6.956	5.778	4.856	7.451	7.418	5.495	7.178	4.958	6.815	7.517
SOX10	10.541	9.295	10.004	9.536	9.204	10.158	9.966	11.054	6.793	10.406	8.125	9.478
SOX11	7.242	9.914	8.749	8.803	8.587	6.796	8.135	8.808	8.752	7.718	10.507	9.033
SOX2	11.468	12.353	12.128	12.866	13.059	12.381	12.196	12.050	12.653	11.538	12.958	12.348
SPIB	5.564	4.361	3.312	4.533	4.856	6.701	4.477	3.058	2.869	3.252	4.050	4.132
SPP1	16.468	15.681	15.510	12.940	14.867	15.449	14.393	14.355	14.036	14.573	15.397	14.522
SPRY4	9.200	9.711	10.023	7.378	10.692	9.485	9.845	7.035	10.834	8.545	7.094	9.963
SREBF1	11.818	12.572	12.431	10.737	10.873	11.598	10.728	10.602	10.991	10.596	11.621	11.714
SRP54	8.797	9.491	9.267	8.711	9.041	8.329	9.203	9.279	8.665	8.713	8.978	9.282
STAT1	10.699	9.576	10.434	11.984	10.062	13.147	11.859	10.437	12.129	10.420	10.402	11.505
STAT2	11.043	11.112	11.324	11.042	10.721	12.106	11.638	11.186	12.056	11.150	10.198	11.108
STAT3	11.012	10.922	11.429	10.200	10.094	9.800	10.896	11.454	10.274	11.161	10.438	11.157
STAT4	6.439	5.078	5.945	5.026	6.041	7.668	6.004	3.280	5.340	6.194	4.728	7.210
STC1	6.847	5.876	6.620	6.927	6.041	6.886	4.849	3.932	3.410	5.935	7.580	6.171
SYK	8.718	8.437	8.590	7.499	6.856	9.381	8.407	7.804	7.223	8.242	8.179	7.522
TAF3	6.149	5.683	5.848	5.506	5.397	6.049	5.599	5.795	5.600	6.164	5.837	5.901
TAP1	10.008	9.292	9.975	8.940	9.267	11.283	10.673	9.552	11.284	9.902	9.774	10.415
TAP2	9.723	9.005	9.456	9.796	9.414	10.987	9.951	9.016	10.532	9.497	9.152	9.213
TAPBP	10.979	10.738	11.390	10.919	10.331	11.934	11.144	9.949	11.265	10.922	10.870	10.706
TAPBPL	8.750	8.704	8.701	8.468	9.041	9.769	8.791	8.113	10.090	8.211	8.279	7.984
TBX21	4.979	4.361	4.514	3.685	5.567	6.329	3.390	3.380	3.410	3.252	3.535	3.377
TBXAS1	9.287	8.867	9.370	8.743	8.230	10.720	9.596	8.695	8.707	9.355	8.748	8.539
TCF3	8.657	9.699	10.125	9.475	9.802	8.617	9.441	9.655	9.556	8.762	10.081	9.895
TCL1A	4.745	4.013	3.450	3.478	4.567	6.734	3.390	3.560	3.410	3.326	3.728	3.077
TDO2	8.032	4.361	5.200	7.414	5.567	6.329	5.944	3.932	3.802	6.843	7.365	5.399
TGFB1	11.727	11.204	10.485	11.946	11.147	13.091	11.045	10.861	10.899	11.246	11.406	10.071
TGFB2	9.204	10.165	9.853	9.148	9.626	8.149	10.224	9.272	9.442	9.720	8.411	11.652
TGFB3	10.060	8.997	9.663	8.980	9.989	9.621	8.812	8.889	8.767	7.755	8.589	8.750
TGFBR1	11.278	10.365	10.847	10.527	10.337	11.236	10.799	11.259	10.521	10.839	11.142	10.467
TGFBR2	8.680	8.233	8.413	7.917	7.178	8.693	8.696	8.928	7.614	8.894	7.555	8.402
THBD	8.272	6.704	5.921	5.301	6.097	6.886	6.309	3.473	4.933	5.558	5.120	5.853
THBS1	10.821	9.467	10.611	11.383	8.881	9.417	9.584	7.813	7.138	10.515	8.503	10.143
THY1	11.219	10.044	11.003	11.076	10.310	9.875	11.102	10.804	9.893	11.972	10.412	11.577
TICAM1	7.301	7.046	7.078	6.636	7.012	7.490	7.524	6.131	7.415	6.690	6.635	6.869
TIE1	8.439	7.013	7.498	8.436	8.138	8.242	7.861	7.180	8.432	6.868	6.236	7.063
TIGIT	6.979	4.554	5.078	5.533	5.567	8.381	4.975	2.932	3.317	2.911	5.120	3.962
TLR1	7.776	7.361	7.285	7.629	7.097	8.970	8.269	7.528	7.432	8.032	7.283	7.296
TLR2	9.597	9.169	9.117	8.183	7.856	10.752	9.867	8.290	9.004	9.339	8.339	8.334
TLR3	7.669	6.894	7.627	7.943	7.152	8.928	8.640	7.740	8.449	7.637	7.561	8.042
TLR4	10.439	10.468	10.231	11.789	8.340	11.776	10.102	9.690	8.871	10.421	9.786	9.334
TLR5	6.807	6.335	5.990	6.007	5.397	7.412	6.738	5.848	5.476	6.512	5.535	5.947
TLR7	8.257	6.683	7.458	7.566	6.567	10.056	7.967	7.180	7.223	7.252	7.004	5.901
TLR8	6.997	5.554	6.120	5.611	6.041	7.900	5.944	5.777	4.695	6.361	5.898	4.901
TLR9	5.515	5.461	5.276	4.732	5.982	6.286	4.145	5.949	4.364	4.527	4.483	4.421
TMEM140	9.810	9.187	8.953	8.795	8.781	10.674	8.849	8.571	8.902	8.303	8.192	8.296
TMEM173	9.354	7.673	8.939	9.088	7.905	9.722	9.067	8.248	8.236	8.648	8.240	8.049
TNF	9.448	8.109	6.968	10.054	7.328	9.613	10.165	6.749	8.010	7.312	7.212	7.672
TNFAIP3	8.358	7.576	6.745	8.237	6.351	8.668	9.265	6.228	8.763	7.451	5.937	7.690
TNFAIP6	9.062	7.734	8.804	5.559	8.351	7.451	8.168	6.058	7.096	7.648	7.671	8.302
TNFRSF10B	9.347	9.139	9.417	8.945	9.026	10.115	9.274	8.368	9.086	9.048	10.062	8.302
TNFRSF10C	7.745	5.361	7.238	5.611	5.484	8.997	7.769	6.159	5.949	6.640	6.298	5.901
TNFRSF10D	7.425	6.387	6.498	5.865	6.526	8.124	6.019	5.228	5.676	5.676	5.154	5.869
TNFRSF11A	7.425	6.198	7.035	7.492	7.397	7.668	6.773	6.145	6.487	6.899	7.756	6.537
TNFRSF11B	7.344	7.374	7.339	11.351	6.606	8.660	6.944	4.830	7.718	6.923	5.772	7.035
TNFRSF14	9.208	9.306	9.099	7.309	8.217	10.199	8.839	8.362	8.879	8.375	7.676	7.897
TNFRSF17	3.657	4.013	3.312	2.100	3.982	5.149	3.390	3.058	2.217	2.589	3.187	2.962
TNFRSF18	4.242	3.361	2.990	4.422	4.567	5.412	3.913	3.643	3.933	4.004	3.313	3.901
TNFRSF1A	11.035	11.000	11.478	11.167	10.149	11.610	11.164	9.827	11.482	10.777	10.651	10.455
TNFRSF1B	9.204	8.131	7.238	8.585	7.397	10.475	8.977	8.024	8.298	8.292	7.335	8.305
TNFRSF25	8.465	7.694	8.115	7.732	8.386	8.701	7.808	6.663	8.207	8.377	7.298	7.611
TNFRSF4	5.181	3.876	3.575	4.363	4.567	5.412	3.477	3.380	2.410	2.811	2.050	3.962
TNFRSF8	5.979	3.554	4.745	5.063	4.856	6.599	2.712	2.795	2.580	3.759	3.050	3.077
TNFRSF9	4.117	4.013	3.798	3.478	4.397	6.371	4.197	3.795	2.869	2.911	3.535	3.184
TNFSF10	8.640	6.641	7.649	7.755	7.230	10.845	8.087	8.512	8.340	7.009	7.298	6.708
TNFSF12	9.707	9.476	9.372	8.935	9.224	10.422	9.573	8.934	9.504	9.362	9.210	9.049
TNFSF13	8.797	8.683	8.308	7.579	7.755	10.821	8.023	6.997	8.006	8.102	8.027	7.042
TNFSF13B	7.165	6.683	6.772	7.478	6.397	7.392	7.235	5.981	6.600	7.422	6.252	6.210
TNFSF18	6.540	4.802	5.873	6.392	5.204	6.765	6.975	5.028	4.410	5.396	4.252	7.139
TNFSF4	7.149	6.783	6.848	6.648	6.682	7.668	6.990	6.682	6.802	6.940	5.857	7.105
TNFSF8	6.867	5.802	5.823	5.968	5.982	8.668	6.619	5.088	5.387	5.662	6.220	5.662
TNFSF9	5.301	4.139	4.383	3.778	4.204	6.412	4.297	3.280	3.217	2.911	3.815	4.284
TNKS	9.747	10.302	10.454	9.845	10.484	9.437	10.084	10.306	10.279	10.676	9.763	10.262
TP53	9.117	9.279	9.985	10.308	9.893	9.308	9.864	10.045	9.548	9.147	9.807	9.639
TPI1	12.270	12.712	12.725	12.633	12.226	11.955	11.982	11.575	12.431	12.614	12.792	12.319
TPM1	10.867	9.987	9.759	8.526	9.542	10.297	9.285	10.708	9.196	9.794	9.240	9.808
TPSAB1/B2	6.905	4.802	5.897	4.636	3.982	7.471	4.297	1.795	2.869	6.091	7.103	5.786
TRAF1	8.294	8.131	7.985	7.179	7.905	9.173	7.901	8.526	6.910	7.975	6.598	7.828
TRAT1	4.827	4.013	4.634	4.026	3.397	7.100	3.975	2.643	2.869	2.811	3.535	4.464
TREM1	7.149	7.485	6.365	5.585	5.719	7.124	6.248	4.602	5.559	7.633	5.086	7.063
TREM2	10.706	10.214	10.782	9.924	9.844	11.904	11.162	10.972	10.295	9.985	10.724	9.726
TRIM21	7.827	7.093	7.823	7.822	7.041	9.137	7.707	6.908	8.155	7.492	6.947	7.464
TSLP	5.242	5.508	5.035	3.685	4.719	6.049	4.197	3.560	3.869	5.070	5.428	3.836
TTC30A	6.924	7.734	7.408	7.153	7.328	6.886	8.059	7.899	7.236	7.694	7.386	8.056
TWF1	11.086	10.977	11.087	11.287	11.477	11.392	11.196	11.191	11.782	10.923	11.779	10.993
TWIST1	5.050	5.078	5.312	2.948	5.304	5.765	4.344	4.830	3.110	3.004	2.535	3.769
TWIST2	2.657	3.361	2.575	2.585	3.982	3.242	1.975	-0.527	2.217	2.004	1.728	0.962
TYMP	10.461	9.233	9.444	9.297	7.441	12.674	10.535	8.592	10.011	8.930	9.678	8.552
TYMS	8.797	8.898	9.785	10.034	9.673	9.765	9.777	9.091	7.629	7.697	11.119	8.735
UBA7	9.062	7.849	7.996	9.068	8.772	10.902	8.645	7.852	8.110	8.266	7.826	7.586
UBE2C	5.611	7.576	7.450	8.086	7.952	5.490	7.467	8.180	5.054	6.463	9.869	6.606
UBE2T	5.979	6.198	6.330	8.118	7.012	6.527	6.570	6.450	5.191	5.732	9.112	5.947
ULBP2	6.272	6.387	6.013	4.533	5.982	7.219	5.849	5.830	4.802	6.289	6.496	5.962
VCAM1	8.528	9.158	7.939	7.429	8.316	8.765	8.094	8.967	7.686	6.752	6.928	9.972
VCAN	11.947	12.260	11.603	12.108	12.175	11.075	11.718	11.681	12.155	10.810	10.706	11.164
VEGFA	12.357	14.225	13.774	9.247	12.814	11.073	11.663	8.531	11.288	11.594	11.619	12.112
VEGFB	10.654	10.759	10.404	10.976	9.811	10.798	10.203	10.035	9.766	10.721	11.011	10.358
VEGFC	6.745	5.724	5.772	6.286	6.097	6.914	6.062	5.145	4.658	5.308	5.120	6.962
VHL	8.100	8.282	8.224	8.262	8.452	8.857	7.743	8.110	8.204	8.280	8.421	7.924
VSIR	9.652	8.951	8.999	8.764	8.840	10.084	9.010	8.953	9.046	9.160	7.789	8.394
VTCN1	6.117	4.876	5.312	5.422	5.645	6.734	4.849	4.473	4.580	4.785	4.937	5.105
WDR76	5.979	7.078	6.945	7.212	7.255	6.914	6.657	5.813	6.096	6.520	8.368	6.877
WNT10A	5.050	4.641	5.160	3.478	5.097	6.412	3.638	2.932	3.410	5.048	8.761	4.464
WNT11	3.657	3.361	3.160	4.533	4.397	5.329	2.975	3.173	2.580	3.174	4.252	3.769
WNT2	5.412	4.139	4.575	4.585	5.397	5.827	3.297	3.643	3.658	4.361	3.635	4.901
WNT2B	7.272	7.912	7.391	6.886	7.441	8.471	6.118	6.932	7.340	6.880	6.313	7.343
WNT3A	4.465	3.724	2.312	3.100	3.397	5.997	1.975	2.932	3.217	2.174	1.313	2.962
WNT4	5.745	4.361	5.078	4.026	5.204	8.149	4.090	3.173	3.732	4.396	7.013	5.699
WNT5A	9.125	8.844	8.510	11.013	9.511	9.392	9.207	9.045	9.465	8.476	8.671	9.113
WNT5B	6.015	5.412	5.691	5.063	6.304	7.149	4.913	4.682	6.600	5.271	6.154	5.260
WNT7B	5.867	4.724	4.848	3.363	4.204	5.412	4.034	3.473	3.658	5.732	3.187	5.769
XCL1/2	3.242	4.139	3.990	3.585	3.982	6.827	4.599	3.173	2.995	3.396	3.898	2.184
ZAP70	5.943	5.763	5.605	4.026	4.204	8.137	5.171	4.280	4.964	4.252	4.120	5.158
ZC3H12A	7.358	6.531	6.383	6.187	6.351	8.049	6.975	5.228	6.619	5.935	5.857	5.932
ZEB1	10.685	11.215	11.096	10.888	11.132	8.789	10.221	11.392	10.595	11.094	10.076	11.024
ZEB2	12.308	11.505	11.615	10.677	11.140	11.539	12.004	12.530	10.767	11.801	12.493	11.996